First Name,Gender,Senior Management,Team,Start Date,Last Login Time,Salary,Bonus %
Edward,Male,false,Sales,07/23/2007,8:05 PM,53947.0,3.442
Eric,Female,false,Finance,09/18/1998,8:25 PM,101202.0,8.231
Karen,Male,false,Business Development,01/24/2008,5:05 AM,70949.0,11.075
Jeffrey,Female,false,Sales,04/13/2005,1:55 AM,86030.0,6.768
Anna,Male,true,Engineering,11/07/2010,3:40 AM,165806.0,8.707
Kenneth,Female,false,Legal,01/27/2018,4:25 AM,71565.0,5.114
Cynthia,Female,false,Client Services,02/23/2019,3:40 PM,96757.0,8.813
Laura,Female,false,Legal,12/12/2001,4:35 PM,99036.0,8.237
Kenneth,Female,false,Engineering,06/14/2015,6:45 AM,85105.0,7.037
Kenneth,Male,false,Client Services,12/23/2013,11:50 AM,78320.0,8.57
Jessica,,false,Sales,10/25/2003,2:00 PM,84452.0,7.33
Elizabeth,Female,false,Business Development,10/30/2018,1:50 AM,87220.0,10.417
Richard,Female,false,Distribution,04/07/2014,9:20 AM,87396.0,6.729
Emily,Male,false,Marketing,03/17/2015,11:40 AM,80320.0,9.683
Anthony,Female,false,Client Services,01/18/2006,5:15 AM,83458.0,2.935
Charles,Male,false,Client Services,08/15/2005,9:25 PM,79289.0,12.547
Nicholas,Female,false,Sales,01/12/2008,5:15 PM,68710.0,10.941
Emily,Female,false,Product,06/14/2018,1:30 PM,58268.0,8.252
Michael,Female,false,Legal,03/11/2013,3:35 AM,88864.0,8.627
Laura,Female,false,Marketing,06/16/2000,7:35 AM,106217.0,3.839
Mary,Male,false,Distribution,11/07/2011,10:20 AM,90263.0,2.852
Barbara,Male,false,Engineering,11/19/1996,1:15 AM,145775.0,9.45
Ashley,Female,false,Business Development,09/28/2002,10:15 PM,84570.0,7.507
William,Male,false,Business Development,09/28/2010,3:15 AM,58057.0,6.298
Angela,Male,false,Sales,01/31/2016,10:45 PM,105679.0,3.853
Joseph,Male,false,Marketing,11/09/2010,8:15 AM,103879.0,4.84
Barbara,Female,false,Human Resources,12/08/2009,9:15 PM,66562.0,6.408
William,,false,Engineering,05/25/1999,9:05 PM,99610.0,7.585
Michael,Female,false,Marketing,05/22/2017,8:35 AM,109434.0,13.375
Rebecca,Male,false,Product,06/26/2022,5:00 AM,114620.0,7.372
Sharon,Male,false,Sales,05/12/2020,1:10 AM,76868.0,6.619
Timothy,Male,true,Finance,02/04/2022,12:10 AM,106752.0,3.324
Michael,Male,false,Finance,03/21/2017,1:25 PM,79582.0,11.206
Andrew,Female,true,Engineering,08/03/1998,1:55 PM,126389.0,14.01
Michelle,Female,false,Finance,04/23/2003,11:55 PM,86730.0,8.618
Shirley,Female,,Client Services,09/18/2016,10:00 AM,157128.0,9.494
Kimberly,Male,false,Engineering,07/25/2019,12:35 AM,75294.0,5.71
Sandra,Male,false,Sales,07/28/2012,10:50 PM,123566.0,4.931
Jacob,Male,false,Human Resources,12/13/2002,10:30 AM,56047.0,
Eric,Female,true,Business Development,12/05/1996,11:35 AM,,7.046
William,Male,false,Finance,10/20/1999,3:15 AM,86514.0,7.166
Mark,Female,true,Marketing,02/05/2019,1:25 AM,139402.0,11.731
George,Female,false,,12/26/2017,8:30 PM,81813.0,15.326
Linda,Female,false,Product,06/05/1996,12:20 AM,98316.0,12.169
Lisa,Male,false,Marketing,12/28/2014,2:50 AM,97145.0,4.113
Joshua,Female,false,Human Resources,08/19/2013,2:45 PM,84875.0,8.534
Ashley,Female,false,Business Development,09/27/2017,9:40 AM,94641.0,6.698
Lisa,Male,false,Human Resources,09/29/2001,8:20 AM,101128.0,7.785
Kimberly,Male,false,Human Resources,12/27/2017,10:40 PM,119093.0,12.121
Amanda,Female,false,Engineering,12/04/2013,4:45 AM,91622.0,5.559
Brian,Male,true,Sales,04/29/2012,4:30 PM,134470.0,13.128
Laura,Female,true,Sales,03/05/2010,10:40 PM,80227.0,15.789
Donna,Male,false,Sales,01/04/2022,10:05 PM,61394.0,5.651
Eric,Female,true,Client Services,05/20/2011,12:30 AM,77929.0,10.752
William,Female,false,Product,05/21/2012,3:55 AM,102853.0,13.166
Ryan,Male,false,Human Resources,09/22/2021,6:10 PM,103958.0,8.815
David,Female,false,Sales,07/24/2005,12:15 PM,89750.0,11.499
Brian,Female,false,Engineering,09/16/1998,5:10 PM,79387.0,8.708
William,Male,false,Human Resources,08/12/2023,12:40 AM,96661.0,16.147
Steven,Female,true,Human Resources,11/12/2008,2:00 PM,114766.0,4.892
Michelle,Male,false,Product,02/23/2004,10:00 AM,95360.0,8.967
Linda,Male,false,Marketing,06/30/2020,4:15 PM,86829.0,8.484
Ryan,Female,false,Marketing,01/15/2020,12:10 AM,77896.0,8.689
Patricia,Male,false,Product,01/12/2014,9:00 PM,81916.0,1.024
William,Female,false,Business Development,05/07/2003,8:10 PM,95233.0,7.003
William,Female,false,Business Development,04/20/2019,10:00 AM,68627.0,7.657
Mary,Female,false,Sales,06/30/1997,8:25 PM,55367.0,4.892
Brian,Male,false,Finance,06/05/2023,5:35 PM,90982.0,9.661
Kevin,Male,false,Business Development,12/08/2006,4:20 AM,72581.0,4.256
Jonathan,Male,false,Product,06/15/2013,8:30 PM,91741.0,6.8
Deborah,Male,false,Finance,06/20/2002,3:25 PM,102127.0,7.541
Nancy,Male,false,Client Services,06/16/1998,11:05 PM,81097.0,5.04
Carol,Female,false,Human Resources,03/04/2023,9:05 AM,52701.0,0.745
Kevin,,true,Product,02/18/2007,11:25 AM,127205.0,11.717
Michelle,Female,false,Finance,12/02/2013,2:15 PM,81348.0,4.003
Kathleen,Female,false,Human Resources,11/22/2022,12:45 PM,87224.0,10.033
Emily,Female,false,Product,03/13/2018,5:15 AM,71663.0,10.144
Edward,Male,false,Marketing,11/01/2018,1:00 AM,89818.0,6.92
Anthony,Male,false,Distribution,06/05/1995,10:45 AM,53485.0,
Sharon,Male,true,Human Resources,09/28/2009,8:30 AM,169163.0,8.541
Jason,Female,false,Human Resources,11/02/2016,9:55 AM,82781.0,10.768
Laura,Female,true,Sales,10/24/1999,10:50 AM,160287.0,7.393
Paul,Female,true,Finance,12/31/2007,8:20 PM,159072.0,11.404
Susan,Male,true,Legal,03/31/2000,5:50 AM,130131.0,12.731
Jacob,Male,false,Sales,04/21/2009,12:05 AM,60570.0,8.867
Amy,Female,false,Human Resources,01/14/2018,6:35 PM,58601.0,10.474
Andrew,Male,false,Legal,12/29/2008,12:45 PM,126439.0,6.925
Mary,Male,false,Finance,02/21/2006,8:30 AM,80236.0,4.889
Susan,Male,false,Human Resources,04/17/2013,9:10 AM,96317.0,7.441
Richard,Female,false,Distribution,03/10/2007,7:05 AM,81556.0,8.917
Jason,Female,false,Sales,06/22/2023,7:35 PM,115264.0,9.272
Ryan,Female,false,Sales,01/28/2013,6:25 PM,104127.0,14.991
Christopher,Male,false,Distribution,12/20/2013,10:55 AM,54999.0,14.375
Amy,Female,false,Sales,02/19/1995,2:15 AM,72907.0,6.178
Michael,Female,false,Legal,05/12/2023,5:20 AM,83051.0,5.803
Anthony,Female,false,Business Development,11/21/2007,7:10 PM,51139.0,9.883
Rebecca,Male,false,Sales,09/07/2015,3:45 PM,75099.0,10.498
Charles,Male,false,Marketing,12/15/1997,2:10 PM,89732.0,8.941
Donna,Female,true,Sales,08/22/2006,4:50 PM,130255.0,2.055
,Male,false,Distribution,09/02/2003,5:35 PM,70900.0,7.335
Brenda,Female,true,Client Services,07/29/2014,8:25 AM,133050.0,11.102
Kevin,Female,true,Engineering,06/18/1998,1:10 PM,118603.0,11.075
Michelle,Male,false,Distribution,12/23/2004,3:05 AM,59881.0,10.055
Anna,Male,false,Distribution,05/27/2013,9:20 PM,80707.0,7.939
Daniel,Female,false,Finance,01/20/2005,9:20 PM,56974.0,9.687
Sarah,Female,false,Product,02/18/2012,2:35 PM,80259.0,10.925
Amanda,Male,false,Client Services,01/17/1995,6:00 AM,91277.0,7.416
Susan,Male,false,Distribution,11/05/2023,2:40 PM,73275.0,10.768
Shirley,Male,false,Client Services,04/01/2004,10:45 PM,79241.0,11.332
Jeffrey,Female,true,Product,03/11/1996,1:10 AM,115108.0,9.796
Stephen,Male,true,Business Development,03/28/1998,3:20 PM,150894.0,7.313
Gary,Male,false,Product,01/30/2007,3:00 AM,100021.0,7.958
Joshua,Male,false,Finance,11/06/1995,7:20 AM,82289.0,4.422
Thomas,Male,false,Finance,01/12/2002,9:25 PM,70721.0,8.989
Patricia,Male,true,Distribution,05/07/2009,11:50 AM,120240.0,9.843
Brian,Male,true,Distribution,01/20/2022,4:45 AM,70961.0,14.006
Steven,Male,false,Finance,12/08/2014,8:25 PM,99816.0,14.292
Steven,Male,false,Distribution,10/23/2019,6:15 AM,76853.0,15.171
Nancy,Female,false,Distribution,04/16/2016,7:05 PM,90652.0,9.549
Matthew,Male,false,Human Resources,03/18/2004,7:00 PM,91700.0,8.293
David,Female,false,Client Services,07/06/2019,4:15 PM,111066.0,8.893
Karen,Female,true,Sales,03/03/1999,4:40 PM,132569.0,5.941
Sandra,Male,true,Finance,10/19/2023,1:35 PM,127050.0,10.655
Nancy,Female,false,Client Services,12/03/2002,5:00 PM,56210.0,9.369
Charles,Female,true,Business Development,07/03/1996,2:05 PM,132310.0,7.542
Stephanie,Male,false,Finance,10/18/2016,4:30 PM,112234.0,7.537
Donna,Female,false,Distribution,12/03/2009,10:00 PM,69256.0,6.236
Karen,Female,false,Marketing,01/24/2014,9:05 AM,91790.0,4.012
George,Male,true,Distribution,11/29/2019,11:50 PM,85468.0,3.984
Jeffrey,Female,false,Engineering,12/29/2009,2:40 AM,45830.0,13.465
Ashley,Male,false,Client Services,04/14/2015,8:50 PM,81502.0,12.996
Amanda,Female,true,Product,05/25/2023,11:20 PM,168042.0,10.959
Shirley,Male,false,Finance,11/06/2011,9:20 AM,107926.0,6.286
Patricia,Male,false,Client Services,07/08/2005,9:45 AM,84762.0,9.487
Amy,,false,Sales,01/24/2002,4:05 AM,86542.0,5.573
Patricia,Male,true,Product,11/20/2008,12:00 PM,111876.0,6.972
Daniel,Male,false,Distribution,07/13/2014,11:50 AM,76216.0,7.227
Jonathan,Female,false,Sales,02/23/2021,2:55 AM,64612.0,4.173
Mark,Male,false,Client Services,06/13/2001,1:25 PM,47588.0,5.084
Rebecca,Female,true,Marketing,05/06/2002,10:05 AM,130731.0,7.482
Joseph,,false,Business Development,09/28/2006,2:45 AM,78907.0,5.822
George,Male,false,Client Services,01/28/2016,2:20 AM,61066.0,5.369
Gary,Male,false,Client Services,02/10/2002,9:40 PM,105300.0,4.63
James,Female,false,Finance,08/29/2004,5:15 AM,69489.0,8.417
Ashley,Female,false,Product,03/24/2009,10:30 AM,100178.0,8.265
Anna,Male,false,Client Services,08/05/1997,11:50 AM,94964.0,10.063
Lisa,Male,false,Business Development,11/15/1995,9:05 AM,84829.0,9.718
Ryan,Male,false,Engineering,05/01/2010,12:35 PM,36684.0,9.34
Patricia,Female,false,Business Development,06/08/1999,7:55 PM,67344.0,12.797
Joshua,Male,false,Sales,07/26/1996,6:35 PM,119420.0,8.459
Robert,Male,false,Sales,01/25/1995,1:55 PM,86810.0,
Daniel,Female,true,Client Services,11/03/2017,3:25 PM,123308.0,6.854
Kenneth,Female,false,Engineering,02/02/2014,2:00 PM,101486.0,
Nicholas,Male,false,Distribution,07/14/2019,2:00 PM,53488.0,6.941
Nicholas,Female,false,Human Resources,06/22/2005,10:40 PM,104428.0,
George,Female,false,Finance,10/04/2009,5:50 PM,100290.0,5.447
Edward,Female,false,Engineering,07/01/2002,3:45 AM,100253.0,6.688
Angela,Female,true,Business Development,06/20/2004,7:10 PM,126365.0,6.842
Rebecca,Female,true,Business Development,12/24/2002,6:05 PM,124358.0,11.606
Charles,Male,false,Finance,05/05/2015,6:55 PM,53448.0,7.984
Ronald,Male,false,Legal,01/24/2010,9:25 AM,102642.0,6.152
Lisa,Female,false,Legal,11/16/2007,4:55 AM,101458.0,11.409
Daniel,Female,false,Engineering,07/30/2018,8:45 AM,80496.0,9.899
Paul,Female,false,Marketing,08/08/2016,11:45 PM,81341.0,3.179
Christopher,Female,false,Product,05/19/2013,6:15 AM,93356.0,7.462
Matthew,Male,false,Product,12/16/2019,1:10 PM,81424.0,9.593
Brenda,Male,true,Business Development,04/19/2015,6:35 PM,101200.0,7.305
Shirley,Female,false,Client Services,08/19/2006,2:50 PM,114962.0,8.853
William,Male,false,Product,11/06/2002,11:50 AM,80533.0,2.597
James,Female,false,Client Services,09/07/2009,1:10 PM,97817.0,8.631
Stephen,Female,false,Marketing,12/23/2009,2:05 AM,88439.0,12.347
Deborah,Male,false,Engineering,02/02/2001,1:20 AM,75986.0,10.453
Laura,Female,false,Distribution,01/31/2007,9:15 AM,111060.0,3.967
Joshua,Male,true,Business Development,07/12/2011,9:50 PM,96381.0,7.04
George,Female,true,Marketing,07/08/1997,10:50 AM,117317.0,16.7
Ryan,Male,true,Client Services,11/21/1996,8:15 PM,117869.0,15.336
Stephanie,Male,false,Legal,01/15/2012,6:15 AM,93181.0,8.013
William,Male,false,Engineering,05/10/2001,3:10 PM,99764.0,9.656
Elizabeth,Male,true,Client Services,04/10/1996,7:00 PM,132380.0,8.535
Brian,Male,false,Engineering,04/29/2000,9:55 PM,55567.0,3.038
Michelle,Male,false,Distribution,05/20/2003,6:40 AM,66963.0,16.601
Charles,Male,true,Sales,05/21/2010,1:55 AM,86748.0,7.008
Barbara,Male,false,Sales,02/08/2005,1:05 PM,91600.0,9.461
Jessica,Male,false,Human Resources,08/16/2014,8:00 PM,75930.0,6.893
Shirley,Female,true,Human Resources,05/10/2019,9:05 PM,134159.0,13.125
Sandra,,false,Product,06/14/2008,4:15 AM,117561.0,4.296
Lisa,Male,false,Finance,02/09/2000,1:05 AM,73632.0,5.507
John,Male,false,Marketing,12/04/2004,6:55 AM,77132.0,7.349
Anna,Female,true,Sales,02/11/1998,1:05 AM,68308.0,15.137
Mark,Female,false,Human Resources,04/04/2010,3:55 AM,62512.0,10.55
Joshua,Male,false,Distribution,07/22/2021,7:55 PM,57004.0,3.856
Elizabeth,Male,false,Distribution,01/15/2006,7:20 PM,66846.0,9.997
Sandra,Male,true,Client Services,02/26/2018,8:00 PM,148650.0,14.157
Anna,Female,false,Human Resources,04/05/2018,10:40 PM,53020.0,11.386
Matthew,Female,false,Product,02/07/2014,8:30 AM,83300.0,7.865
Kenneth,Female,true,Marketing,07/08/2009,5:55 PM,129142.0,10.327
Melissa,Female,false,Product,02/24/2023,10:10 PM,100449.0,13.379
John,Female,false,Client Services,10/16/2021,10:30 PM,85435.0,13.67
Kimberly,Female,true,Finance,09/24/2004,5:05 PM,89951.0,10.712
Timothy,Female,false,Sales,07/15/2020,9:55 PM,99684.0,8.594
Anna,Male,false,Client Services,05/26/2009,5:30 AM,93215.0,5.685
Andrew,Female,false,Client Services,11/26/2022,9:30 PM,36037.0,10.15
Anthony,Male,false,Human Resources,06/25/2023,5:35 PM,110346.0,6.784
Robert,Male,false,Client Services,06/01/2001,8:00 PM,90875.0,14.427
Timothy,Male,false,Finance,06/12/2008,10:40 AM,77456.0,7.922
David,Female,true,Human Resources,11/09/2011,11:55 AM,83881.0,13.097
Stephen,Male,true,Legal,11/06/2009,10:10 PM,124957.0,12.14
Joseph,Female,false,Human Resources,08/22/2020,3:20 PM,89277.0,9.536
Nancy,Female,false,Engineering,10/20/2022,3:00 PM,80904.0,7.618
Shirley,Male,false,Marketing,02/02/2017,8:50 PM,92520.0,14.695
Steven,Male,false,Marketing,07/22/2021,8:30 PM,83734.0,11.207
Timothy,Male,false,Distribution,12/12/2017,4:30 AM,58432.0,12.65
Shirley,Female,false,Finance,01/26/2019,3:55 AM,94992.0,7.915
Sharon,Female,false,Sales,04/03/2006,1:55 PM,118210.0,12.291
Michael,Male,false,Business Development,03/16/2006,6:20 AM,84178.0,4.197
Kathleen,Female,false,Sales,08/12/2000,10:50 PM,78191.0,9.618
Stephen,Male,false,Business Development,05/05/2001,9:30 AM,102683.0,12.139
Angela,Female,true,Marketing,01/20/2022,1:05 AM,116093.0,12.781
Jonathan,Female,true,Human Resources,09/18/2009,7:50 PM,89433.0,15.288
William,Male,false,Marketing,10/22/2006,10:35 AM,90798.0,7.24
Sharon,Female,true,Human Resources,04/20/2004,4:35 AM,85107.0,13.724
John,Female,true,Sales,03/01/2022,6:10 PM,103506.0,11.329
,Female,false,Product,11/07/2023,2:25 AM,114157.0,9.262
Emily,Female,false,Finance,11/14/2015,3:35 PM,125524.0,13.308
Jeffrey,Female,false,Sales,10/01/1996,7:45 PM,87823.0,13.135
Eric,Male,false,Human Resources,05/06/2017,3:15 PM,86950.0,11.37
Rebecca,Female,false,Finance,04/30/2007,3:45 PM,84317.0,3.239
Thomas,Female,false,Product,02/20/2005,3:20 AM,84339.0,0.5
Joseph,Female,false,Finance,03/18/1998,2:55 AM,79641.0,9.575
Jeffrey,Male,false,Finance,02/07/2016,6:10 PM,77635.0,11.073
David,Male,true,Legal,12/06/2002,5:15 AM,127956.0,6.749
Steven,Male,false,Product,09/07/2017,1:40 PM,97494.0,6.018
Angela,Male,false,Product,04/08/2000,4:10 AM,97053.0,0.625
Nancy,Female,false,Client Services,11/29/2002,8:05 AM,95978.0,1.009
Brian,Female,false,Product,09/17/1996,10:20 PM,82799.0,1.229
Kimberly,Female,false,Engineering,10/20/2020,7:50 PM,84023.0,12.195
George,Female,false,Marketing,08/04/2008,11:25 AM,88864.0,11.435
William,Female,true,,07/13/2001,4:45 AM,100675.0,15.807
Shirley,Female,false,Client Services,08/25/2006,5:15 PM,109725.0,1.767
Sharon,Female,false,Finance,03/31/2001,4:10 AM,72498.0,5.964
Ryan,Male,false,Marketing,10/04/2014,4:10 PM,94820.0,7.49
Karen,Female,true,Distribution,09/07/2003,4:55 PM,109994.0,6.428
Dorothy,Female,false,Product,08/05/2023,10:40 AM,81330.0,9.195
Brenda,Male,false,Business Development,03/06/2001,4:00 PM,104243.0,9.21
,Male,false,Product,02/20/2016,7:45 PM,81008.0,2.327
Rebecca,Male,true,Client Services,09/01/2000,1:20 PM,100478.0,9.892
Sarah,Female,false,Client Services,12/11/2006,3:20 PM,82223.0,4.263
Kimberly,Male,true,Sales,01/03/2007,11:05 AM,100638.0,12.278
Karen,Male,false,Sales,08/17/2010,7:35 PM,78915.0,7.851
Mark,Male,false,Finance,08/29/2006,10:10 PM,59230.0,5.339
Sarah,Male,false,Client Services,07/28/2007,6:05 PM,83205.0,11.962
Brian,Female,false,Finance,06/19/1996,8:50 PM,62328.0,8.511
Susan,Female,false,Client Services,08/12/1999,10:05 PM,103996.0,8.029
William,Female,false,Marketing,10/17/2018,3:40 AM,75210.0,2.778
Laura,Male,false,Finance,08/25/2009,1:50 PM,75641.0,6.227
Laura,Male,false,Product,08/30/2014,6:30 AM,58170.0,1.841
Jennifer,Male,false,Sales,07/19/1999,11:20 PM,82728.0,14.294
Carol,Female,true,Finance,12/16/2006,2:50 PM,128813.0,10.187
Carol,Female,false,Sales,09/27/2003,5:45 AM,53989.0,9.276
Emily,Female,true,Business Development,03/17/2008,5:55 AM,115546.0,8.262
Betty,Male,false,Legal,10/05/2016,12:50 AM,105868.0,6.128
Jessica,Female,false,Finance,02/18/2020,5:40 AM,90084.0,9.436
Linda,Male,false,Sales,01/26/2018,5:20 AM,60049.0,6.273
George,Female,false,Distribution,06/01/2010,2:25 AM,67632.0,11.587
Richard,Male,false,Business Development,09/07/1996,8:55 AM,86483.0,4.456
Michael,Female,false,Business Development,08/19/2004,7:10 PM,58640.0,3.108
Michael,Male,false,Marketing,07/17/1997,1:00 AM,62793.0,6.148
Stephanie,Female,false,Engineering,07/31/2020,7:35 AM,95345.0,6.192
Jason,Female,false,Legal,12/23/1996,4:25 AM,97359.0,6.64
Jennifer,Male,false,Human Resources,07/29/2004,10:40 PM,73515.0,9.098
Kenneth,Male,true,Legal,02/13/2008,4:35 PM,128281.0,14.347
Brian,Male,false,Finance,11/30/2007,2:05 PM,92373.0,3.883
Michael,Female,false,Human Resources,02/23/1997,6:25 PM,79059.0,10.947
Anna,Male,false,Engineering,05/11/2017,5:50 AM,89661.0,8.252
Joshua,Male,false,Marketing,12/21/2012,5:55 PM,66223.0,4.075
Emily,Female,true,Sales,11/20/2006,12:40 PM,96098.0,14.745
George,Female,false,Distribution,01/30/2012,4:25 AM,47968.0,7.972
Barbara,Male,false,Finance,04/08/2016,5:00 PM,89790.0,6.028
Barbara,Female,false,Client Services,08/29/2000,7:20 AM,77966.0,8.323
Brenda,Male,false,Distribution,07/04/2009,3:45 AM,96972.0,1.092
Linda,Female,false,Product,10/14/2014,6:35 AM,101529.0,11.264
Joshua,Female,false,Sales,12/09/2019,9:55 AM,106919.0,4.921
Anna,Male,false,Legal,01/02/2002,11:25 PM,93728.0,10.615
Amanda,Male,false,Human Resources,11/14/2010,1:30 AM,85067.0,7.095
Stephen,Female,false,Sales,04/19/2007,7:30 AM,97474.0,2.759
Daniel,Male,false,Client Services,01/07/2017,11:30 PM,82767.0,5.755
Mary,Male,false,Human Resources,12/06/2014,1:00 AM,64259.0,7.41
Amanda,Female,true,Finance,08/03/2012,5:25 AM,90889.0,14.084
Ryan,Female,true,Finance,03/06/2000,2:50 PM,113725.0,13.552
Nancy,Female,false,Client Services,05/20/2012,11:55 PM,51361.0,14.331
Lisa,Female,false,Legal,04/12/2016,1:05 AM,81355.0,8.355
Stephanie,Male,false,Product,09/13/2012,3:45 PM,56778.0,11.586
Barbara,Female,false,Engineering,02/24/2015,5:10 AM,77084.0,2.571
Nancy,Male,true,Client Services,11/28/2018,1:55 PM,141624.0,10.045
Angela,Female,false,Finance,05/08/1995,8:45 PM,77092.0,5.268
Donald,Male,true,Finance,12/07/1996,8:00 PM,67810.0,14.089
Edward,Female,false,Client Services,07/23/2015,1:40 AM,51899.0,11.951
Richard,Female,false,Distribution,02/11/2023,3:40 AM,103201.0,1.983
Joseph,Female,false,Engineering,02/09/2010,5:05 PM,118674.0,7.883
Deborah,Female,false,Finance,12/09/2012,11:55 AM,85941.0,0.5
Paul,Female,true,Client Services,06/16/2014,4:50 PM,91906.0,10.697
Laura,Male,false,Product,09/28/1995,8:40 PM,70318.0,11.178
David,Female,false,Client Services,05/12/1998,8:50 AM,69147.0,7.174
Sandra,Male,true,Human Resources,09/23/2010,6:25 AM,96414.0,9.675
Linda,Male,true,Product,11/16/2014,2:15 PM,131944.0,11.26
Joseph,Male,false,Product,05/21/2004,9:45 AM,93091.0,7.118
Jacob,Female,true,Human Resources,12/09/2009,6:20 PM,99929.0,11.868
Karen,Female,true,Distribution,06/09/2012,5:45 AM,130384.0,
David,Female,false,Sales,03/24/1996,8:25 AM,94782.0,3.083
Paul,Male,true,Distribution,04/04/1997,10:05 AM,126581.0,16.72
Andrew,Male,true,Engineering,01/06/2001,1:40 AM,143482.0,8.189
Edward,,false,Engineering,03/06/2016,12:55 PM,101962.0,7.756
Joshua,Female,false,Client Services,02/08/2003,9:50 AM,84976.0,12.579
Kimberly,Male,false,Client Services,10/16/2000,12:20 AM,95356.0,6.381
Stephanie,Male,false,Legal,08/22/2002,12:20 PM,100825.0,5.328
Rebecca,Female,false,Legal,08/13/1996,1:15 PM,89619.0,4.07
Ryan,Male,false,Finance,08/05/1998,10:10 PM,93452.0,6.275
William,Male,false,Human Resources,01/22/2007,5:40 PM,119908.0,8.955
Eric,Female,false,Sales,02/28/2000,10:35 AM,,7.314
Susan,Male,true,Marketing,01/09/2017,5:20 AM,105781.0,10.379
Christopher,Male,false,Legal,11/28/2004,7:15 AM,93133.0,3.962
Daniel,Female,false,Legal,12/04/2021,1:30 AM,88709.0,9.637
Sharon,Male,false,Sales,11/20/2008,9:10 PM,87348.0,10.746
Michael,Male,false,Engineering,09/26/1997,10:55 PM,92090.0,5.502
Jason,Male,false,Marketing,06/08/2016,7:45 PM,66979.0,5.206
Mark,Male,false,Business Development,03/25/1996,3:25 PM,97199.0,7.093
Patricia,Male,false,Business Development,12/21/2019,9:55 PM,96529.0,8.155
Kenneth,Male,false,Legal,07/30/2009,1:05 AM,132626.0,9.478
Barbara,Male,false,Business Development,06/01/2014,11:00 PM,97034.0,5.204
Charles,Male,false,Finance,12/06/1999,5:45 AM,109778.0,6.837
James,Female,false,Client Services,02/11/2006,5:15 PM,60796.0,11.278
Shirley,Male,false,Product,07/01/2002,1:35 AM,71955.0,8.785
Stephanie,Male,false,Client Services,07/01/1998,2:20 PM,72944.0,6.175
Eric,Male,false,Sales,03/16/2008,7:50 AM,101422.0,12.365
,Female,false,Client Services,12/27/2013,10:20 PM,65776.0,4.228
William,Male,true,Finance,01/19/2021,8:15 PM,125903.0,12.611
Rebecca,Female,false,Finance,01/03/2014,10:05 AM,76510.0,8.061
Kimberly,Male,false,Client Services,03/22/2022,8:50 AM,97052.0,4.741
Amanda,Male,false,Human Resources,03/11/2006,4:10 AM,76748.0,7.247
Nancy,Male,false,Legal,12/05/2023,6:00 PM,100811.0,11.783
Ronald,Female,false,Distribution,01/06/2018,8:00 AM,80058.0,11.429
Andrew,Female,true,Engineering,11/13/2007,1:00 PM,106385.0,8.228
Patricia,Female,false,Business Development,11/14/2021,2:25 PM,76516.0,4.151
Donald,Male,false,Sales,04/09/2001,3:50 AM,91339.0,4.229
Jennifer,Female,false,Legal,12/22/2003,4:40 AM,85512.0,7.684
Daniel,Male,false,Client Services,03/11/2023,3:40 AM,54703.0,9.723
Daniel,Female,false,Marketing,11/19/2012,1:50 AM,99045.0,4.372
Donna,Female,false,Product,02/04/2009,8:25 PM,70939.0,8.863
Jason,Male,false,Finance,11/30/2012,11:45 PM,86510.0,7.318
Eric,Male,false,Product,01/23/2000,2:45 AM,56766.0,9.457
William,Female,false,Marketing,08/18/2016,1:15 AM,32000.0,3.527
Cynthia,Male,false,Engineering,06/10/2009,7:30 PM,91303.0,8.969
,Female,false,Engineering,02/07/2001,8:45 PM,109282.0,2.469
Ronald,Male,true,Finance,02/09/2016,10:15 PM,119878.0,19.504
Sharon,Female,true,Legal,09/09/1995,9:00 PM,109079.0,8.979
David,Male,false,Business Development,03/06/2009,12:30 AM,109451.0,10.892
Cynthia,Female,,Marketing,11/06/1997,9:05 PM,93240.0,6.991
Nancy,Male,false,Legal,02/14/2010,6:25 AM,116690.0,8.041
Deborah,Female,true,Legal,05/19/2018,8:10 PM,126988.0,7.343
Brenda,Male,true,Product,07/20/2011,12:05 AM,102244.0,13.421
James,Male,true,Sales,08/19/2019,2:20 PM,87992.0,13.341
Jessica,Male,false,Distribution,06/30/2006,4:30 AM,90101.0,10.28
Kenneth,Female,false,Engineering,11/18/2020,9:45 AM,54492.0,9.134
Eric,Female,false,Legal,08/23/2010,4:50 PM,91328.0,9.681
Linda,Male,true,Legal,11/12/2001,11:30 PM,121733.0,6.648
Robert,Male,false,Business Development,10/23/1997,3:50 AM,38472.0,5.553
Eric,Female,false,Human Resources,09/18/1996,7:50 PM,57746.0,6.19
Jason,Female,false,Marketing,01/15/2012,4:35 AM,106945.0,1.137
Patricia,Male,true,Client Services,01/16/2015,12:20 PM,86318.0,9.858
Laura,Female,false,Finance,01/05/2005,3:35 PM,97423.0,5.559
Donna,Female,false,Marketing,07/30/2012,6:05 PM,94208.0,0.5
Cynthia,Female,true,Human Resources,07/25/2006,2:10 PM,83399.0,15.249
Karen,Female,false,Finance,02/01/2016,10:50 AM,60731.0,7.017
Stephen,Male,true,Sales,02/23/1999,9:10 AM,172758.0,10.441
Dorothy,Male,true,Product,10/23/2004,12:45 AM,133977.0,7.147
Eric,Male,false,Distribution,10/24/2022,4:20 AM,105482.0,8.245
Amanda,Female,false,Finance,08/18/2013,5:40 AM,140517.0,6.684
Shirley,Female,false,Engineering,01/17/2019,5:15 PM,87528.0,5.103
Ronald,Male,false,Finance,07/14/2020,11:40 AM,55293.0,1.292
Jessica,Male,false,Legal,03/25/1999,12:10 AM,85282.0,6.458
Patricia,Male,false,Finance,05/17/2017,3:15 PM,87059.0,
Deborah,Female,false,Product,04/22/2013,12:35 PM,92492.0,7.02
Daniel,Male,false,Distribution,01/24/2000,6:05 PM,78098.0,7.6
Margaret,Female,false,Finance,11/07/2004,7:10 PM,98670.0,10.854
Jason,Male,false,Client Services,03/13/2022,7:30 AM,123854.0,7.573
Kimberly,Female,false,Finance,02/02/2015,11:00 PM,90799.0,9.696
Paul,Female,false,Human Resources,05/07/1998,5:10 PM,99009.0,6.925
Paul,Male,true,Engineering,12/29/2013,1:55 AM,131234.0,10.538
William,Female,false,Client Services,12/23/2012,6:40 AM,121159.0,9.902
Gary,Male,false,Marketing,04/18/2005,1:40 AM,79269.0,6.7
Gary,Male,true,Product,01/30/2008,2:20 AM,132131.0,9.888
Shirley,Male,false,Sales,06/26/2021,11:05 AM,103236.0,9.681
Kimberly,Male,false,Engineering,02/24/2010,10:40 AM,88025.0,6.908
Ryan,Female,false,Sales,04/25/2014,1:20 AM,90026.0,0.702
Angela,Male,false,Sales,12/03/1998,11:15 AM,108397.0,13.215
Dorothy,Female,false,Distribution,10/30/2022,8:10 AM,107112.0,8.705
Cynthia,Female,false,Finance,09/24/1996,6:40 AM,97655.0,13.157
Jessica,Female,false,Human Resources,02/09/2010,4:25 AM,66649.0,12.803
Cynthia,Male,false,Client Services,12/16/2018,6:55 PM,92756.0,11.48
Brenda,Female,false,Distribution,03/01/2018,12:35 AM,60872.0,9.644
Joshua,Male,false,Business Development,12/12/1996,10:50 AM,98214.0,1.302
Sarah,Male,false,Legal,05/19/2019,4:20 PM,96035.0,4.859
Kenneth,Female,false,Business Development,08/12/2012,1:40 AM,58447.0,10.883
Kimberly,Male,false,Engineering,09/07/2008,7:30 AM,88443.0,5.301
Melissa,Female,false,Sales,12/21/2013,7:30 PM,94903.0,
Andrew,Male,false,Legal,12/04/2001,5:40 PM,90553.0,4.548
Michelle,Male,false,Legal,10/26/2001,11:25 PM,108751.0,12.226
Margaret,Male,false,Distribution,04/01/2020,8:40 PM,85917.0,4.607
Laura,Female,false,Sales,09/21/2009,9:15 PM,73743.0,9.019
Thomas,Female,false,Legal,03/29/2002,7:05 PM,120657.0,7.928
Betty,Female,true,Distribution,04/05/2007,1:30 PM,116736.0,8.05
Nicholas,Male,false,Client Services,06/12/2019,6:15 PM,71584.0,7.05
Kimberly,Male,false,Client Services,02/05/2011,12:20 AM,76355.0,7.161
Jessica,Male,false,Finance,09/15/1997,1:55 PM,92381.0,12.315
Emily,Female,false,Engineering,09/13/2017,4:10 AM,99561.0,7.161
Angela,Female,false,Product,06/11/2010,8:05 PM,81910.0,6.72
Eric,Female,false,Finance,07/20/2014,1:30 PM,99842.0,11.0
Jacob,Female,true,Legal,02/24/2012,10:30 PM,110906.0,0.5
Melissa,Male,false,Client Services,05/06/2001,9:05 PM,76289.0,4.009
Linda,Female,false,Client Services,07/14/2002,12:05 PM,105942.0,8.615
Shirley,Male,true,Legal,02/02/2017,4:10 PM,121451.0,9.907
Dorothy,Female,true,Business Development,04/26/2008,5:10 PM,157808.0,
Steven,Female,false,Legal,11/03/2016,6:20 PM,123033.0,5.015
Mary,Female,true,Product,02/05/2002,3:15 PM,144188.0,8.855
,Male,false,Product,02/10/2015,10:00 AM,81104.0,8.399
Amy,Female,false,Finance,02/23/1998,10:45 PM,100243.0,11.052
Ryan,Female,false,Distribution,06/07/2016,1:25 AM,76041.0,1.625
Jonathan,Male,,Product,11/07/2010,11:10 AM,103123.0,7.145
Ashley,Female,false,Finance,10/12/2005,2:00 PM,79600.0,4.462
Sharon,Female,true,Product,09/30/2005,2:50 PM,111881.0,10.538
Kimberly,Female,false,Legal,01/17/2004,7:20 PM,87216.0,5.25
Donna,Female,false,Client Services,09/07/2016,12:25 AM,95978.0,10.007
Thomas,Female,false,Client Services,03/19/2019,2:50 AM,64660.0,5.006
Jessica,Male,false,Business Development,04/10/2008,12:00 AM,67681.0,6.725
Daniel,Male,false,Engineering,07/29/2010,12:05 AM,62779.0,10.73
Linda,Male,false,Legal,06/07/2001,9:00 AM,102340.0,8.032
Mark,Male,false,Client Services,07/09/2011,2:35 PM,129823.0,4.797
Donald,Female,true,Business Development,01/25/2013,1:25 PM,119294.0,11.307
Eric,Female,false,Human Resources,10/24/2013,7:55 AM,91745.0,5.674
Barbara,Female,true,Sales,12/26/2009,12:05 PM,137065.0,15.508
Barbara,Male,true,Business Development,01/22/2003,5:45 PM,136239.0,9.311
Donna,Female,false,Marketing,05/28/2002,4:20 PM,140716.0,4.199
Stephanie,Female,true,Distribution,05/01/2011,5:50 PM,130046.0,8.129
Ryan,Male,false,Human Resources,04/29/1995,3:55 AM,53901.0,5.09
Eric,Female,false,Product,08/20/1998,7:30 AM,112912.0,7.993
Matthew,Male,false,Client Services,04/17/1999,11:50 AM,73569.0,9.476
Rebecca,Female,false,Marketing,10/02/2014,9:05 PM,76443.0,3.764
Dorothy,Female,false,Distribution,09/29/2010,8:15 AM,66976.0,11.574
Susan,Male,false,Engineering,05/10/2002,3:15 AM,99457.0,3.803
Christopher,Female,false,Product,10/08/2015,2:50 PM,52555.0,14.806
Barbara,Female,true,Human Resources,08/14/2016,5:25 AM,91935.0,6.045
,Female,false,Sales,01/25/1999,7:50 AM,92118.0,3.274
Christopher,Female,true,Business Development,05/26/2023,6:05 PM,141942.0,0.912
Charles,Female,true,Legal,06/16/2017,3:35 PM,140553.0,10.586
Stephanie,Male,false,Engineering,02/05/2017,10:40 AM,105995.0,12.092
William,Male,false,Marketing,08/21/2007,5:20 AM,37823.0,0.551
Carol,Female,false,Engineering,02/05/1999,9:15 AM,122175.0,7.904
Ronald,Male,true,Sales,10/20/2005,6:20 AM,128956.0,17.61
Sharon,Female,true,Marketing,09/24/2011,3:50 PM,102626.0,11.613
Joseph,,false,Sales,02/07/2000,11:15 AM,77370.0,16.049
Joseph,Female,true,Business Development,10/21/2013,12:45 AM,104604.0,15.478
Lisa,Male,true,Finance,10/29/2002,5:35 AM,116872.0,10.293
Steven,Male,false,Distribution,11/18/2006,3:10 PM,117812.0,6.831
James,Female,false,Distribution,08/20/2010,5:05 PM,81521.0,6.381
Melissa,Female,false,Sales,10/02/2002,5:10 AM,125721.0,6.526
Mark,Female,false,Sales,12/19/2021,4:25 AM,104925.0,9.325
Patricia,Female,false,Client Services,08/28/2019,9:55 AM,115746.0,5.332
Ronald,Male,false,Legal,08/08/1999,4:55 AM,72942.0,5.057
Susan,Female,false,,08/09/2014,1:15 PM,90134.0,9.704
David,Male,false,Legal,11/23/2005,5:35 PM,116207.0,7.583
Lisa,Male,false,Business Development,11/06/2002,11:15 PM,101675.0,11.111
Deborah,Female,true,Engineering,10/26/2014,4:15 AM,125003.0,6.516
Dorothy,Male,false,Engineering,08/27/2010,2:40 AM,108770.0,8.697
Jennifer,Female,true,Marketing,07/12/2017,12:20 AM,117719.0,17.768
Kathleen,Male,false,Engineering,07/18/2013,12:40 AM,102794.0,5.0
Patricia,Male,false,Marketing,09/21/2003,8:45 AM,71213.0,4.119
Patricia,Male,true,Sales,07/25/2021,11:15 AM,90236.0,11.039
Jennifer,Female,false,Marketing,01/11/2015,5:05 AM,70914.0,4.032
Elizabeth,Male,false,Distribution,01/17/2000,5:30 PM,69510.0,6.172
Charles,Female,false,Human Resources,02/16/1995,12:30 AM,99525.0,3.473
David,Female,true,Client Services,09/26/2023,1:55 AM,129715.0,13.121
Margaret,Male,true,Client Services,02/08/2002,1:25 PM,128879.0,12.907
Eric,Female,true,Marketing,07/01/2011,10:30 PM,133842.0,11.794
Amanda,Female,false,Distribution,06/26/1997,12:10 AM,66335.0,4.063
Rebecca,Male,false,Distribution,12/05/2017,11:35 PM,82674.0,5.227
Christopher,Female,false,Marketing,03/05/1997,7:50 AM,96606.0,7.601
Richard,Female,true,Sales,06/05/2018,11:40 PM,119813.0,8.371
Sarah,Male,true,Client Services,01/11/2010,8:05 AM,81618.0,12.413
Eric,Male,false,Sales,05/04/2004,3:50 PM,73502.0,4.788
William,,false,Client Services,08/05/2003,8:15 AM,88131.0,10.719
Laura,Female,false,Engineering,11/09/2002,10:25 PM,97427.0,2.757
Mary,Female,false,Legal,08/26/2000,1:00 AM,68371.0,5.469
Jonathan,Male,false,Marketing,08/12/2001,11:10 AM,84031.0,7.595
Richard,Female,false,Distribution,01/10/2000,3:40 PM,76700.0,5.992
John,Male,false,Client Services,05/22/2004,10:05 PM,76996.0,9.122
Michael,Male,true,Marketing,04/26/2019,3:00 PM,125022.0,14.059
,Male,false,Legal,02/18/2016,1:30 PM,109423.0,12.994
Daniel,Female,false,Business Development,11/23/2008,3:00 AM,76520.0,7.78
Lisa,Female,false,Distribution,09/24/2004,1:55 AM,67724.0,13.285
Nancy,Male,false,Business Development,03/03/2022,12:30 PM,106424.0,11.182
Ashley,Male,true,Sales,10/23/1997,2:45 AM,121627.0,11.679
Dorothy,Male,false,Business Development,10/22/2000,8:55 PM,106972.0,7.843
Anthony,Male,false,Engineering,12/22/2002,4:00 PM,81203.0,4.932
Anthony,Male,false,Finance,05/25/2018,7:50 AM,118784.0,6.283
Lisa,Male,true,Human Resources,08/02/2009,10:40 AM,88046.0,9.358
Kenneth,Male,true,Finance,05/14/1998,9:00 PM,127744.0,7.818
Matthew,Female,false,Finance,08/29/2014,4:40 AM,108799.0,11.532
Anthony,Female,false,Finance,12/28/2014,7:35 AM,88113.0,8.971
Andrew,Male,false,Finance,01/20/1996,8:50 PM,95688.0,6.455
Paul,Female,false,Marketing,04/05/2010,10:15 AM,107972.0,18.81
Jonathan,Female,false,Finance,11/16/2000,1:40 PM,87213.0,10.267
Rebecca,Male,true,Product,07/07/2006,4:10 PM,126525.0,14.473
Jacob,Female,true,Marketing,03/21/1997,4:25 PM,133313.0,11.494
Edward,Male,false,Distribution,09/04/2018,7:20 PM,82047.0,7.879
Nancy,Male,false,Distribution,11/20/1998,12:30 PM,76707.0,4.224
Karen,Male,false,Human Resources,10/04/2015,1:00 AM,101131.0,2.861
Amy,Female,false,Legal,06/22/1999,8:30 AM,79834.0,9.471
Brenda,Male,false,Business Development,03/16/2000,1:50 PM,82612.0,6.165
Susan,Male,false,Engineering,03/17/1995,2:35 PM,100779.0,9.7
Shirley,Female,false,Legal,04/24/1999,8:00 AM,96071.0,7.107
Brenda,Female,false,Business Development,03/21/2011,3:00 PM,72117.0,7.023
Betty,Male,false,Distribution,11/23/1995,12:00 AM,119104.0,5.659
Nancy,Male,false,Sales,10/15/2016,2:45 AM,57173.0,4.242
Deborah,Female,false,Distribution,08/05/2009,10:45 AM,92999.0,4.836
Ashley,Male,false,Engineering,05/12/2021,4:55 AM,105534.0,11.681
Jeffrey,Male,false,Business Development,11/14/2010,4:10 PM,84145.0,
Carol,Male,false,Product,01/22/2012,11:00 PM,49368.0,8.453
Anna,Female,false,Business Development,09/10/2016,6:20 PM,103095.0,8.478
Brian,Female,true,Human Resources,09/13/2013,11:40 PM,102126.0,11.813
Anna,Female,false,Finance,10/24/2022,2:40 PM,57289.0,6.807
Carol,Female,false,Sales,08/13/2019,4:00 AM,88866.0,7.006
Margaret,Female,true,Finance,01/17/2006,7:30 PM,113062.0,9.349
Barbara,Female,false,Engineering,05/31/1996,11:00 PM,58583.0,14.793
Edward,Male,false,Sales,08/30/2015,2:45 PM,65030.0,7.203
Paul,Female,false,Engineering,07/13/2001,3:15 AM,67622.0,15.224
Christopher,Male,false,Client Services,04/29/2008,8:35 PM,56375.0,6.939
Donna,Male,false,Distribution,06/13/2009,12:55 PM,42090.0,11.983
Mary,Female,false,Finance,10/04/2020,4:15 AM,119233.0,11.06
Daniel,Male,false,Product,11/24/2003,4:45 AM,80759.0,4.656
Patricia,Male,false,Legal,01/27/1999,7:25 PM,106398.0,11.778
Laura,Female,false,,08/25/2006,2:40 PM,99139.0,8.565
Kimberly,Male,false,Engineering,04/08/2006,7:25 AM,78790.0,9.787
Deborah,Male,true,Engineering,12/07/2023,1:50 PM,121385.0,9.434
Sarah,Male,true,Marketing,07/14/2009,11:10 PM,103128.0,9.407
Angela,Male,true,Product,07/19/2001,8:35 AM,96698.0,10.107
Anna,Female,false,Engineering,08/07/2005,8:05 AM,99179.0,11.281
Joseph,Male,false,Product,04/14/1999,8:20 PM,97025.0,7.461
Carol,Female,false,Client Services,07/03/2000,4:05 AM,102600.0,9.99
Joshua,Male,true,Finance,06/19/2011,7:00 PM,127741.0,9.76
Sarah,Female,false,Marketing,02/01/2014,4:25 AM,80713.0,3.604
Daniel,Male,false,Engineering,12/01/2019,6:15 PM,77412.0,10.978
Robert,Female,true,Legal,07/23/2009,3:50 AM,118663.0,3.857
Matthew,Female,false,Distribution,02/18/2002,4:20 PM,89736.0,15.191
Nancy,Male,false,Client Services,09/13/2011,9:20 PM,68184.0,5.201
Robert,Female,false,Sales,10/28/2005,7:55 AM,95495.0,6.682
Anthony,Female,true,Distribution,05/07/2007,5:25 PM,139190.0,18.962
Michael,Female,false,Legal,01/22/2006,4:00 PM,63445.0,10.753
Donald,Male,false,Sales,03/22/2003,7:35 AM,72272.0,1.515
Timothy,Female,false,Finance,10/06/1996,1:05 AM,81352.0,5.803
Nicholas,Female,false,Sales,04/30/2000,6:55 PM,93732.0,4.759
Amanda,Female,false,Engineering,04/02/2018,7:55 PM,77401.0,7.4
Kenneth,Female,false,Business Development,12/12/2015,7:45 PM,67161.0,2.555
Dorothy,Female,false,Finance,02/25/2022,5:50 AM,64988.0,6.624
Kimberly,Female,false,Distribution,10/10/2008,5:55 PM,100703.0,10.517
Charles,Male,false,Business Development,10/23/2009,12:05 AM,67320.0,8.052
Jason,Female,true,Legal,11/17/2019,2:40 AM,88924.0,6.648
Paul,Male,false,Legal,03/10/2003,6:00 AM,107271.0,1.236
Thomas,Male,true,Legal,03/19/2002,7:00 PM,119305.0,8.284
Ryan,Female,false,Human Resources,04/04/2022,8:55 AM,89420.0,9.496
Emily,Male,false,Engineering,12/06/2012,1:45 AM,61956.0,3.372
Anna,Female,false,Engineering,07/23/2001,8:30 AM,70416.0,7.823
Linda,Female,false,Legal,05/23/1995,5:40 AM,85043.0,7.375
Karen,Female,false,Finance,10/26/2013,11:45 AM,95226.0,8.282
Jeffrey,Male,false,Product,09/09/2009,4:15 AM,90456.0,8.983
Kenneth,Female,false,Product,02/23/2018,10:30 PM,91609.0,8.8
Amanda,Female,false,Engineering,09/27/2023,10:00 AM,103261.0,17.959
Michelle,Female,false,Client Services,08/12/2010,1:00 PM,109578.0,6.341
Kenneth,Male,false,Legal,06/07/2013,2:35 PM,141580.0,6.717
Laura,Male,false,Marketing,10/03/2007,5:40 PM,82811.0,7.377
Amanda,Male,false,Human Resources,11/29/2009,3:00 PM,81298.0,3.549
Anthony,,false,Marketing,03/20/2003,12:25 PM,95646.0,7.772
Jennifer,Male,true,Human Resources,12/30/2005,7:05 PM,123280.0,5.796
James,Female,false,Marketing,03/27/1995,8:10 AM,74024.0,9.61
William,Male,false,Human Resources,07/17/2008,3:20 AM,61108.0,14.387
Betty,Female,false,Distribution,12/30/2000,12:05 AM,78516.0,6.331
Brenda,Female,false,Engineering,09/03/2015,9:25 PM,91432.0,4.306
Jacob,Female,false,Distribution,11/07/2009,3:50 AM,79651.0,9.054
Susan,Female,false,Sales,01/08/2004,12:20 AM,85314.0,8.936
Kimberly,Female,false,Business Development,10/26/2001,12:05 PM,78236.0,5.438
,Female,false,Human Resources,10/11/2018,3:30 AM,103833.0,7.777
Emily,Female,false,Legal,09/19/2006,12:55 PM,96241.0,8.824
Kenneth,Male,false,Client Services,01/12/2005,6:55 AM,67147.0,8.986
Andrew,Female,true,Business Development,10/05/1997,9:35 PM,90112.0,11.536
Betty,Female,false,Engineering,01/03/2008,8:15 AM,144749.0,11.032
Rebecca,Male,true,Business Development,07/14/2000,7:35 AM,107584.0,
Shirley,Male,false,Business Development,07/26/2003,2:25 AM,67347.0,3.857
Matthew,Male,false,Marketing,11/06/2000,11:05 PM,120265.0,9.103
Susan,Male,true,Client Services,02/24/2015,11:15 PM,81435.0,11.906
Amanda,Male,true,Human Resources,08/30/2022,1:05 PM,106268.0,11.633
Patricia,Male,true,Human Resources,01/16/1999,4:25 PM,95849.0,7.959
Kimberly,Female,false,Marketing,10/16/2005,5:00 AM,91038.0,3.212
Sarah,Male,false,Distribution,09/27/2010,10:40 AM,87973.0,2.672
Jonathan,Male,true,Business Development,02/22/2008,5:20 PM,105823.0,5.262
David,Female,false,Legal,08/12/2010,1:10 PM,55102.0,6.893
Charles,Male,false,Human Resources,11/16/2023,4:10 AM,82395.0,4.144
Jessica,Female,false,Business Development,02/17/2008,11:05 PM,67041.0,5.356
Carol,Male,false,Legal,03/30/2016,7:15 PM,104445.0,8.73
Michelle,Male,false,Legal,10/25/2009,4:20 AM,89817.0,5.068
Ronald,Female,false,Legal,06/11/2010,9:00 AM,60220.0,7.806
Karen,Male,false,Sales,12/08/2008,12:15 PM,77104.0,
Daniel,Male,false,Sales,03/30/2000,4:10 PM,72193.0,12.583
Anna,Female,false,Legal,08/25/2022,2:20 AM,76841.0,4.345
Ryan,Female,false,Client Services,01/17/2001,2:05 AM,91480.0,13.953
Ryan,Female,true,Sales,05/24/2006,9:35 AM,140654.0,11.646
Anthony,Male,false,Engineering,08/24/2011,1:05 AM,77979.0,9.54
Barbara,Male,false,Sales,07/27/2008,12:50 PM,86512.0,5.584
Joseph,Male,true,Engineering,12/05/1997,5:45 PM,105834.0,11.386
Nancy,Male,false,Client Services,01/12/2013,8:40 AM,77182.0,9.644
Kevin,Male,false,Finance,02/04/2004,9:40 PM,96606.0,14.03
Andrew,Female,false,Legal,04/29/2004,2:45 PM,87149.0,8.684
Michelle,Male,false,,04/09/2005,8:55 PM,68767.0,5.747
Donna,Female,false,Engineering,03/04/2006,10:55 AM,79221.0,10.082
David,Female,false,Sales,07/01/2013,5:45 PM,75670.0,
James,Female,true,Client Services,08/03/2009,1:50 AM,90179.0,9.922
Jeffrey,Female,true,Marketing,02/08/2006,12:25 PM,93415.0,
Paul,Male,false,Distribution,04/01/2002,11:30 AM,96716.0,10.061
,Male,false,Marketing,01/26/1996,1:40 AM,72550.0,8.635
Mary,Male,false,Legal,06/30/2006,3:35 AM,54394.0,7.449
Stephanie,Male,false,Finance,08/22/2020,11:10 PM,45169.0,6.317
Nicholas,Female,false,Legal,09/27/2012,1:55 PM,95233.0,11.592
Angela,Female,false,Client Services,01/24/2005,11:25 AM,102527.0,15.968
Nicholas,Male,true,Distribution,04/21/2009,5:00 AM,95252.0,13.362
Linda,Male,false,Distribution,05/29/1998,2:50 AM,72626.0,6.769
Susan,Male,true,Business Development,09/13/1997,2:00 PM,121920.0,12.455
William,Female,true,Engineering,02/08/2017,4:10 PM,136371.0,8.028
Daniel,Male,false,Client Services,10/20/2004,1:10 AM,96106.0,10.614
Carol,Male,false,Engineering,06/07/1999,7:10 PM,78680.0,5.317
Ronald,Female,false,Finance,08/08/2016,11:40 PM,108316.0,8.706
Stephen,Male,,Engineering,02/22/2006,7:50 PM,125500.0,9.168
Kathleen,Female,false,Engineering,10/03/2009,12:40 PM,90856.0,6.614
Mary,Female,false,Client Services,12/17/2002,8:15 AM,68872.0,9.264
Edward,Female,true,Business Development,11/19/1995,1:25 PM,103535.0,5.791
Donald,Female,false,Finance,09/10/2018,10:40 PM,85459.0,11.715
Michael,Female,false,Sales,09/14/2009,11:25 PM,72788.0,4.252
Stephen,Male,true,Finance,09/27/2006,10:50 PM,110582.0,10.777
Angela,Male,false,Sales,10/06/1998,12:50 AM,98943.0,5.453
Donna,Female,false,Distribution,09/18/2000,2:15 AM,57788.0,12.471
Deborah,Female,false,Product,11/25/2007,4:35 AM,91616.0,1.038
Richard,Male,false,Sales,03/20/2004,8:40 AM,80317.0,11.107
Charles,Male,false,Marketing,03/12/2013,12:30 AM,90994.0,7.58
Angela,Male,false,Human Resources,08/05/2018,6:00 PM,80140.0,13.68
Robert,Female,false,Human Resources,09/16/1996,7:10 PM,87725.0,14.825
Mary,Male,false,Business Development,04/22/2022,2:35 AM,75918.0,12.927
Mary,,true,Product,07/13/1995,10:00 PM,123613.0,10.609
Sharon,Male,false,Marketing,10/17/2001,12:40 PM,77362.0,7.906
Emily,Female,false,Finance,02/26/2011,4:55 AM,79069.0,6.483
Rebecca,Female,false,Business Development,08/12/2022,12:15 PM,57878.0,13.289
Jeffrey,Female,false,Finance,11/11/2020,11:55 PM,76459.0,11.037
Shirley,Female,true,Sales,07/12/2007,12:15 AM,134683.0,6.051
Sharon,Female,true,Engineering,12/26/2015,5:10 PM,102165.0,9.662
Nancy,Male,false,Product,09/04/2008,2:50 AM,102889.0,6.564
Patricia,Female,false,Sales,08/08/2010,4:05 AM,97332.0,6.454
Jeffrey,Male,false,Human Resources,03/25/2000,10:45 AM,95139.0,5.692
Eric,Female,true,Sales,04/25/2012,6:45 AM,103203.0,10.536
David,Male,true,Business Development,04/13/2009,8:35 AM,57709.0,10.633
George,Female,false,Sales,03/20/2022,12:15 AM,79081.0,10.146
Susan,Male,false,Product,08/16/2001,8:35 AM,90866.0,8.408
Anthony,,true,Product,11/20/2022,7:45 AM,135589.0,16.929
Karen,Male,false,Finance,02/18/2006,5:15 AM,71463.0,8.531
Margaret,Male,false,Human Resources,06/12/2021,1:05 PM,105089.0,6.303
Melissa,Male,true,Finance,10/18/1998,8:30 PM,146224.0,9.801
Donald,Male,true,Legal,06/27/2014,2:15 PM,97325.0,9.231
Brenda,Male,false,Legal,04/27/2014,4:50 AM,80312.0,5.913
John,Female,false,Marketing,04/06/2021,10:15 PM,76518.0,2.559
Amy,Male,false,Human Resources,01/24/2021,5:35 AM,47122.0,2.702
Sharon,Female,false,Sales,01/01/2002,9:50 AM,89880.0,5.578
James,Female,false,Product,12/08/2023,12:50 PM,63733.0,13.59
Sharon,Male,false,Distribution,11/20/2008,12:25 AM,55262.0,8.231
Kathleen,Female,false,Engineering,10/30/2017,11:00 AM,80317.0,5.6
Amy,Male,false,Client Services,04/27/2004,6:35 PM,92574.0,2.058
Edward,Female,false,Client Services,09/26/2013,10:50 AM,77913.0,4.966
Kenneth,Male,false,Distribution,06/05/2017,10:50 PM,96210.0,3.024
Kathleen,Female,false,Human Resources,10/28/2023,1:40 PM,60987.0,7.339
Anthony,Male,false,Client Services,08/11/1997,12:35 AM,85103.0,10.968
Joseph,Male,false,Marketing,10/29/2014,11:05 AM,88617.0,0.5
James,Male,false,Engineering,03/25/2003,5:00 AM,97691.0,12.901
George,,false,Product,12/26/2019,6:30 PM,98723.0,10.064
Melissa,Female,false,Marketing,12/14/2002,9:45 PM,89143.0,7.813
Ronald,Male,,Marketing,09/24/2021,1:30 PM,81727.0,6.898
Emily,Male,false,Business Development,07/12/2000,7:45 AM,123977.0,5.626
Jennifer,Female,false,Human Resources,06/08/2022,8:40 PM,95763.0,8.755
Emily,Female,false,Marketing,09/01/2013,4:50 AM,77793.0,4.324
Lisa,Male,true,Product,11/03/1998,11:50 PM,108708.0,11.632
Shirley,Male,false,Human Resources,08/30/2013,11:20 PM,75468.0,2.792
Stephanie,Female,true,Sales,01/31/1998,2:55 AM,140699.0,6.972
Steven,Male,false,Finance,04/26/2003,1:05 PM,113135.0,8.32
Paul,Male,false,Product,11/03/2016,3:55 PM,62395.0,4.303
Karen,Male,false,Legal,11/30/2002,3:25 AM,70564.0,8.66
William,Female,false,Marketing,11/30/1996,4:10 PM,112582.0,2.754
Eric,Male,false,Engineering,02/17/1996,8:15 AM,76072.0,11.702
Jeffrey,Female,false,Legal,10/28/2000,8:30 PM,95815.0,0.5
Deborah,Female,false,Client Services,02/11/1998,11:30 PM,68560.0,9.254
Matthew,Male,true,Engineering,09/12/2007,1:05 PM,140701.0,12.755
William,Male,true,Legal,11/05/2019,6:00 AM,122426.0,11.126
Sharon,Female,false,Marketing,10/15/2015,10:55 PM,76758.0,13.748
Edward,Female,false,Marketing,04/13/2003,6:25 AM,106859.0,4.857
Richard,Female,false,Product,01/15/2018,8:25 PM,101620.0,8.521
Matthew,Male,false,Business Development,06/30/2017,11:55 AM,117953.0,6.396
Brian,Female,true,Product,07/11/2009,10:25 AM,119060.0,9.241
David,Male,true,Finance,08/27/2019,8:25 AM,121005.0,12.451
Charles,Male,false,Finance,01/11/2023,2:45 PM,63388.0,6.488
Matthew,Male,false,Sales,11/22/2006,3:15 AM,71697.0,0.5
Kevin,Female,false,Distribution,12/02/2016,4:10 PM,74888.0,8.236
John,Male,false,Engineering,08/05/2017,8:15 AM,104097.0,4.383
Joseph,Female,false,Human Resources,08/18/2021,2:55 AM,84194.0,3.802
Robert,Male,false,Product,10/20/2010,11:20 AM,114619.0,11.083
Joshua,Male,false,Finance,12/14/2008,10:45 PM,75823.0,8.595
Mark,Female,false,Sales,03/20/2001,1:40 PM,75310.0,7.707
Karen,Male,true,Engineering,11/15/2017,1:25 AM,95503.0,12.484
Barbara,Female,false,Legal,10/08/2021,9:10 PM,106923.0,14.485
Mary,Male,false,Legal,12/20/1998,3:40 AM,105646.0,8.964
Kenneth,Female,false,Distribution,10/05/2001,4:55 AM,57719.0,13.649
Ryan,Female,false,Client Services,01/19/2001,10:00 AM,70382.0,2.749
Gary,Male,false,Engineering,04/10/2008,10:20 AM,99302.0,5.399
Andrew,Female,false,Human Resources,05/31/2007,12:00 AM,104802.0,10.775
Nancy,Female,false,Finance,01/13/2008,6:25 AM,101999.0,9.478
John,Male,true,Distribution,01/02/2007,8:45 PM,93164.0,7.41
James,Female,false,Client Services,08/19/2004,4:45 PM,87404.0,0.5
James,Female,false,Client Services,09/22/2007,10:35 AM,100904.0,6.875
Jennifer,Male,true,Client Services,01/08/2014,10:05 AM,90411.0,2.658
Michelle,Female,true,Business Development,07/07/1997,3:55 AM,139451.0,9.553
Melissa,Male,false,Client Services,09/12/2020,6:15 AM,92717.0,3.694
Donna,Female,false,Product,12/11/2000,10:55 AM,99353.0,2.997
Timothy,Female,false,Sales,01/22/2010,7:30 AM,69704.0,8.627
Kathleen,Female,true,Legal,11/07/2021,2:45 PM,133818.0,14.209
Paul,Female,false,Client Services,06/10/2019,9:35 AM,123091.0,6.808
Andrew,Male,false,Human Resources,01/25/2015,4:25 AM,65325.0,8.11
Brenda,Female,false,Sales,05/06/2013,6:50 AM,83561.0,
William,Female,false,Finance,07/12/1998,5:40 AM,62325.0,10.566
Linda,Male,false,Legal,04/14/2020,7:00 AM,110824.0,6.434
Paul,Male,false,Human Resources,09/01/1999,5:15 PM,84334.0,6.383
Melissa,Female,false,Product,04/21/2004,5:20 PM,84541.0,8.235
Edward,Female,false,Engineering,04/19/2013,3:05 PM,55970.0,7.484
Michelle,Female,false,Client Services,01/29/2006,1:10 AM,111192.0,5.95
Thomas,Female,false,Engineering,09/16/2017,7:35 PM,117650.0,3.395
Jennifer,Female,false,Product,02/26/2013,5:55 AM,71861.0,0.948
Sarah,Male,false,Product,08/09/1999,4:05 PM,71370.0,4.013
Ryan,Male,false,Marketing,07/30/1995,7:30 AM,65128.0,8.086
Kimberly,Male,false,Human Resources,04/23/2020,10:30 PM,72552.0,2.869
Sarah,Female,false,Business Development,02/08/1998,9:45 PM,94626.0,10.332
Linda,Male,false,Human Resources,05/11/2013,1:10 PM,73280.0,8.335
Anna,Male,false,Business Development,03/16/2009,8:35 AM,70000.0,6.445
Sharon,Male,false,Finance,11/03/2012,8:10 AM,76654.0,5.801
Joseph,Female,false,Marketing,12/17/2013,6:40 PM,115129.0,7.398
Christopher,Male,false,Marketing,12/04/2000,11:40 PM,63829.0,7.684
Kimberly,Female,false,Engineering,10/22/2022,10:35 AM,61473.0,8.247
Kevin,Female,false,Legal,08/31/2012,6:25 PM,108627.0,6.205
Anthony,Male,false,Marketing,12/20/1996,1:45 AM,65232.0,12.189
Michelle,,true,Finance,08/25/2020,10:45 PM,124027.0,13.398
Barbara,Male,false,Client Services,12/20/2023,2:10 PM,111095.0,13.235
Robert,Female,false,Product,03/06/2009,1:45 PM,93216.0,6.65
Barbara,Female,false,Distribution,06/23/2012,12:00 PM,67256.0,6.174
Sarah,Male,false,Client Services,03/24/2003,12:55 PM,110037.0,9.241
Stephen,Female,false,Engineering,12/18/2004,5:25 AM,93374.0,11.931
Dorothy,Male,true,Engineering,01/26/1998,8:50 AM,112630.0,12.693
Cynthia,Male,false,Marketing,05/06/1997,9:30 AM,80820.0,4.118
Brenda,Male,false,Marketing,01/02/2017,8:20 PM,97324.0,6.438
Timothy,Male,false,Human Resources,07/30/2012,7:55 PM,74379.0,10.053
Christopher,Male,false,Sales,12/09/2018,5:25 AM,98242.0,8.965
William,Female,true,Business Development,04/06/2007,2:45 PM,109532.0,12.001
Linda,Male,false,Human Resources,07/08/2022,1:20 AM,66509.0,7.097
Jessica,Male,false,Sales,01/09/2011,1:00 PM,52976.0,9.486
Donna,Female,false,Distribution,12/21/2021,4:35 AM,52445.0,13.861
Rebecca,Male,true,Business Development,08/05/2001,8:50 AM,83041.0,7.781
,Female,false,Legal,03/19/2019,1:50 AM,45350.0,7.405
James,Male,true,Human Resources,06/27/2023,11:35 AM,124661.0,14.049
Gary,Female,false,Finance,04/07/1997,7:55 AM,75650.0,8.019
William,Male,false,Legal,04/09/2016,12:20 PM,112943.0,4.467
Sarah,Female,false,Sales,07/13/2015,8:55 PM,83277.0,11.833
Sarah,Male,true,Marketing,08/15/2009,11:30 PM,107540.0,10.62
Rebecca,Female,true,Client Services,02/13/2020,7:00 AM,111858.0,3.083
Stephen,Female,false,Sales,07/20/1998,3:40 AM,80544.0,7.029
Nancy,Male,false,Legal,01/19/2001,1:55 PM,103605.0,5.601
Nicholas,Male,true,Human Resources,07/28/1995,11:00 PM,109384.0,7.085
Steven,Male,false,Client Services,12/01/2022,6:50 PM,93139.0,7.996
Ashley,Female,false,Marketing,01/14/1997,2:25 AM,62282.0,4.423
Susan,Male,false,Sales,10/29/2007,10:05 PM,85295.0,11.115
Edward,Female,false,Business Development,12/14/2000,9:15 AM,82035.0,8.037
Nicholas,Male,true,Sales,09/10/2007,3:30 PM,124402.0,12.789
Linda,Male,false,Business Development,12/09/2013,1:30 AM,78960.0,9.679
Amy,Male,true,Engineering,04/16/2006,6:00 AM,133966.0,5.715
Gary,Male,false,Engineering,01/27/2010,4:55 AM,84996.0,9.641
Eric,Female,false,Product,06/10/1996,5:15 PM,53393.0,13.548
Eric,Male,false,Distribution,04/11/2012,7:50 PM,84676.0,8.163
Nancy,Female,false,Sales,02/27/2000,1:40 PM,93158.0,0.59
Daniel,Male,true,Legal,09/17/2017,2:10 AM,118389.0,3.887
Christopher,Female,false,Legal,09/19/2010,8:20 PM,92029.0,6.488
Brian,Female,false,Legal,08/10/2002,8:05 PM,111038.0,5.669
Susan,Female,true,Legal,06/05/2005,3:00 PM,149402.0,11.301
Joshua,Male,false,Engineering,03/19/2023,8:15 AM,76489.0,8.373
Amanda,Male,false,Marketing,10/19/2006,6:15 PM,105192.0,3.899
Ashley,Male,true,Marketing,06/19/2010,3:55 AM,104229.0,4.721
Lisa,Female,false,Sales,03/15/2003,5:25 AM,58043.0,9.329
Patricia,Female,false,Product,01/20/2019,5:15 AM,78209.0,12.188
Jason,Female,false,Finance,12/04/2005,1:40 AM,116773.0,9.372
Angela,Male,false,Engineering,11/03/2016,12:35 PM,103739.0,11.038
Kathleen,Female,false,Finance,11/24/2013,8:15 AM,89351.0,4.911
Jeffrey,Male,false,Engineering,08/25/2020,10:55 AM,79477.0,10.878
George,Male,true,Legal,03/19/2009,11:45 PM,120773.0,7.434
Nicholas,Male,false,Product,09/09/1999,5:35 AM,106910.0,3.605
Christopher,Female,true,Product,11/25/2001,1:45 AM,114839.0,12.24
Ashley,Female,false,Engineering,03/30/2006,7:55 PM,52489.0,5.364
Brian,Male,false,Legal,11/05/2005,4:05 PM,73629.0,1.539
Andrew,Male,true,Client Services,01/11/2011,9:40 AM,71448.0,7.018
Edward,Female,false,Client Services,06/19/2017,4:15 PM,72327.0,14.198
Sharon,Male,false,Marketing,03/23/2008,3:00 AM,84437.0,13.116
David,Female,,Distribution,01/15/2022,3:35 AM,95722.0,13.959
Edward,Female,false,Marketing,11/05/2007,7:35 PM,77174.0,10.496
Ryan,Female,true,Business Development,05/02/1996,10:45 PM,105084.0,13.157
Melissa,Male,false,Sales,10/19/2008,6:10 AM,63267.0,5.708
Richard,Male,true,,08/29/2011,12:40 PM,119171.0,12.456
Linda,Male,false,Engineering,07/25/2000,3:00 AM,115055.0,10.785
Donna,Female,true,Sales,04/09/2004,7:05 PM,134632.0,3.436
Elizabeth,Male,true,Human Resources,07/10/2012,10:45 PM,107046.0,8.523
Shirley,Male,false,Engineering,02/08/2014,11:45 PM,87250.0,11.038
Sandra,Male,false,Product,06/19/2021,6:50 PM,81110.0,14.733
Angela,Female,false,Legal,09/05/2020,5:50 AM,121868.0,8.019
Andrew,Female,false,Product,09/07/1995,1:15 PM,79025.0,11.141
Barbara,Male,false,Human Resources,05/10/2010,8:00 AM,73675.0,11.474
Brian,Female,true,Human Resources,07/30/2010,2:25 AM,130633.0,6.119
Steven,Male,true,Engineering,03/23/1999,2:30 PM,88216.0,8.263
Matthew,Female,false,Business Development,07/17/2021,10:15 PM,111649.0,12.159
Paul,Female,false,Finance,12/28/2006,8:20 PM,97030.0,12.045
Dorothy,Male,true,Marketing,11/22/2022,3:30 PM,127830.0,8.627
Christopher,Male,false,Sales,01/10/2013,6:40 PM,108805.0,
Lisa,Male,true,Legal,08/24/2001,3:15 PM,146528.0,8.104
Jason,Male,false,Client Services,07/09/2002,8:35 AM,83991.0,4.197
David,Male,false,Business Development,07/13/1999,5:10 PM,80434.0,9.693
Thomas,Female,false,Finance,08/15/2019,7:00 AM,105577.0,5.523
Stephanie,Female,false,Engineering,04/01/2015,1:20 PM,95792.0,
Brian,Male,false,Distribution,01/05/1997,7:30 AM,104305.0,10.185
Angela,Female,false,Finance,04/10/1995,9:30 PM,89289.0,9.702
Joshua,Male,false,Finance,06/24/2023,12:20 PM,78525.0,6.326
Stephanie,Female,false,Marketing,09/01/1996,11:35 AM,65952.0,11.103
Michael,Male,false,Sales,10/28/2021,3:25 PM,113656.0,10.826
George,Female,false,Distribution,12/29/1996,3:25 PM,69088.0,
Sarah,Female,false,Marketing,12/03/2004,5:35 PM,77180.0,10.065
Linda,Male,true,Distribution,03/15/2007,3:00 AM,91629.0,10.76
Karen,Female,true,Client Services,04/27/2011,4:20 AM,128765.0,10.543
Susan,Female,false,Sales,10/31/2011,7:00 PM,76309.0,8.262
Laura,Male,false,Engineering,06/25/2000,8:20 AM,102278.0,5.179
Patricia,Female,true,Sales,08/27/2016,5:25 PM,114503.0,10.369
Cynthia,Male,false,Distribution,06/16/2002,2:50 PM,90434.0,4.87
Brenda,Female,false,Business Development,04/10/2013,1:10 PM,94383.0,10.108
Richard,Female,false,Legal,09/24/2005,8:50 PM,113993.0,4.482
Nicholas,Female,true,Engineering,12/27/2016,1:35 AM,106105.0,11.362
Kevin,,false,Client Services,09/29/2010,8:05 PM,94156.0,16.712
Robert,Female,false,Finance,07/22/1996,8:45 AM,117979.0,7.565
Michelle,Female,false,Finance,06/04/2018,9:25 PM,105091.0,11.937
Joseph,Female,false,Legal,07/04/2023,11:40 PM,108696.0,9.716
Robert,Male,true,Distribution,04/05/2023,2:40 AM,106753.0,9.844
David,Female,false,Business Development,04/29/2017,3:55 PM,92268.0,9.614
Jonathan,Male,false,Client Services,09/29/2014,6:50 PM,77358.0,12.698
Daniel,Female,false,Human Resources,11/17/1999,9:10 AM,81462.0,8.355
Anna,Female,false,Finance,12/17/1996,12:10 AM,76035.0,10.698
Thomas,Male,false,Marketing,06/24/2003,6:15 PM,96295.0,16.872
Angela,Male,false,Engineering,12/13/2001,12:00 AM,112328.0,0.5
Barbara,Female,false,Engineering,04/04/2019,2:35 PM,41675.0,11.283
Ronald,Female,false,Distribution,04/14/2010,7:10 AM,90528.0,6.559
Gary,Male,true,Sales,02/07/2006,11:50 PM,90743.0,7.539
William,Male,false,Sales,03/03/2023,7:45 PM,104541.0,10.104
Donna,Female,true,Client Services,04/24/1998,9:45 PM,118695.0,11.826
Kenneth,Female,false,Business Development,01/02/2007,7:35 PM,88848.0,
Jeffrey,Male,false,Sales,05/23/2017,7:20 PM,81321.0,6.936
Nancy,Male,false,Finance,10/12/2015,11:30 AM,90400.0,6.14
Steven,Male,false,Legal,08/21/2009,4:15 PM,64780.0,13.364
Amy,Male,true,,11/30/2014,5:10 PM,121501.0,15.53
Gary,Male,false,Legal,12/12/2013,2:30 PM,85803.0,7.025
Kenneth,Female,true,Engineering,11/27/2002,9:55 AM,124429.0,12.008
Jacob,Male,false,Business Development,05/23/2020,5:40 AM,,16.996
Steven,Female,true,Distribution,04/15/2002,10:00 AM,141464.0,11.033
Edward,Female,false,Engineering,06/12/2012,1:00 PM,99538.0,6.098
Kenneth,Female,false,Legal,08/04/2008,5:05 PM,111340.0,8.148
Mary,Male,true,Engineering,06/30/1999,1:05 AM,94198.0,13.18
Anna,Female,false,Product,01/14/2004,5:10 AM,106891.0,2.746
Kathleen,Male,false,Marketing,11/18/2008,3:40 AM,109062.0,12.02
William,Female,false,Finance,07/29/2019,12:00 PM,92666.0,16.439
Laura,Male,true,Finance,12/21/2000,7:30 PM,111371.0,16.282
Kenneth,Male,false,Business Development,12/17/1998,2:30 PM,83820.0,11.886
Laura,Male,false,Finance,11/27/2002,3:15 PM,114983.0,7.026
Daniel,Female,false,Business Development,06/17/2010,11:40 AM,112964.0,9.876
George,Female,true,Finance,10/06/2018,5:45 PM,106597.0,14.437
Sarah,Male,false,Finance,03/25/2002,2:15 AM,86965.0,9.436
Nicholas,Female,,Human Resources,08/14/2001,4:35 PM,78129.0,6.68
George,Male,false,Client Services,08/27/1996,12:40 PM,121086.0,10.003
Michael,Male,false,Engineering,02/20/2019,1:30 AM,87749.0,9.535
Emily,Male,false,Legal,12/16/2003,8:00 PM,94109.0,9.777
Nancy,Female,false,Human Resources,03/04/1997,6:05 PM,59754.0,8.73
Anthony,Male,true,Sales,07/12/2010,11:55 AM,134958.0,10.379
Brian,Male,true,Marketing,04/24/2014,9:30 PM,119947.0,13.064
Paul,Female,false,Finance,03/28/1996,9:20 AM,113559.0,10.27
Shirley,Male,false,Human Resources,07/09/2008,9:55 PM,83050.0,11.979
Robert,Female,false,Legal,09/30/2018,12:25 PM,100316.0,2.228
Eric,Female,false,Human Resources,01/05/2006,6:05 PM,90334.0,16.567
Cynthia,Male,false,Finance,06/30/1998,5:00 PM,79752.0,12.484
Linda,Female,false,Distribution,12/26/2009,9:40 PM,75650.0,10.739
Charles,Female,true,Sales,05/22/1998,1:55 PM,108251.0,16.471
Cynthia,Male,true,Distribution,10/30/2023,8:50 AM,94991.0,16.359
Mark,Male,false,Sales,03/01/1995,6:45 PM,87833.0,14.013
Charles,Male,false,Product,10/12/2015,10:05 AM,113685.0,13.686
Amy,Male,true,Distribution,11/22/1998,3:30 PM,110445.0,10.982
Mary,Male,true,Distribution,08/22/2006,7:15 PM,154357.0,6.092
William,Male,true,Legal,08/21/2021,1:00 AM,106308.0,8.078
Susan,Female,false,Human Resources,05/17/2005,9:00 PM,56699.0,8.859
Sarah,Male,true,Finance,04/30/2022,2:40 AM,73412.0,4.118
Stephen,Male,true,Sales,06/24/1996,2:00 AM,74859.0,4.171
Karen,Male,,Finance,02/02/2006,3:30 AM,104236.0,2.931
Anthony,Female,false,Business Development,01/13/2023,5:55 AM,80348.0,12.275
Paul,Female,false,Marketing,11/26/2008,6:10 AM,98251.0,8.617
Richard,Male,true,Finance,01/12/2020,11:00 AM,110631.0,8.562
Linda,Male,true,Product,03/20/2004,12:10 PM,131029.0,1.824
Sarah,Male,false,Legal,01/11/2016,7:15 AM,86965.0,11.228
Michael,Female,true,Client Services,09/14/1999,10:40 AM,111871.0,11.211
Sharon,Male,false,Human Resources,07/05/2006,6:40 PM,91163.0,0.5
Michael,Female,false,Client Services,05/24/2005,10:15 PM,87125.0,10.466
Matthew,Female,true,Marketing,10/09/2003,10:05 PM,144118.0,14.226
Melissa,Male,false,Business Development,07/13/2013,2:40 PM,63518.0,10.148
Brenda,Female,false,Finance,05/17/2006,6:25 PM,101310.0,9.213
Brian,Female,false,Legal,10/19/2023,10:00 AM,74032.0,6.94
Patricia,Female,true,Marketing,02/11/2016,12:40 AM,121215.0,5.793
Carol,Female,true,Business Development,08/25/2000,12:25 PM,119553.0,7.936
David,Male,false,Distribution,09/14/2023,1:30 AM,90351.0,4.318
Angela,Male,false,Legal,10/22/2021,12:05 AM,98796.0,9.747
Angela,Male,true,Human Resources,06/20/2010,8:40 AM,92112.0,6.706
Paul,Male,false,Marketing,03/26/1999,1:30 PM,42432.0,4.87
Ashley,Male,false,Engineering,05/14/2008,9:55 PM,99887.0,4.146
Mary,Male,true,Human Resources,03/15/2007,7:40 PM,145854.0,11.266
Betty,Male,true,Client Services,12/16/2017,3:10 AM,130164.0,7.55
Betty,Female,false,Client Services,03/01/2019,4:10 AM,71000.0,9.076
Steven,Female,false,Distribution,12/11/2018,2:55 AM,68288.0,7.042
Kimberly,Male,true,Engineering,06/06/2015,5:25 PM,134649.0,6.551
Mark,Male,true,Business Development,05/18/2008,1:10 AM,137910.0,9.498
Jason,Female,true,Human Resources,01/13/2014,4:40 AM,120102.0,10.004
Anthony,Male,true,Distribution,04/27/2019,4:30 AM,108545.0,3.204
Elizabeth,Female,false,Distribution,12/04/2021,8:50 PM,118676.0,11.337
Matthew,Male,false,Business Development,03/01/2017,6:25 AM,116713.0,5.754
Lisa,Female,true,Marketing,02/06/2015,10:50 AM,140973.0,9.259
Joshua,Female,false,Business Development,06/06/1999,3:40 AM,83162.0,13.65
Carol,Female,false,Engineering,07/25/2023,5:10 AM,129417.0,12.641
Jennifer,Female,true,Business Development,07/20/2019,5:30 PM,105696.0,11.691
Donald,Female,false,Engineering,08/12/2008,8:40 PM,91101.0,1.205
Sandra,Male,false,Client Services,04/15/2010,8:55 PM,89959.0,14.0
Eric,Male,false,Distribution,09/08/2022,10:40 AM,79111.0,7.514
Jacob,Male,false,Engineering,08/16/2020,11:20 AM,77789.0,8.478
Gary,Male,false,Client Services,07/17/2013,10:30 PM,88146.0,12.938
Patricia,Female,true,Engineering,02/17/2006,1:05 PM,124486.0,14.746
Cynthia,Male,false,Sales,08/20/2013,4:20 AM,83698.0,5.684
Richard,Male,false,Client Services,04/15/2020,8:35 AM,85319.0,8.084
Amanda,Female,true,Product,09/04/2021,11:20 PM,107921.0,13.526
Joshua,Male,false,Client Services,12/06/1996,6:25 PM,84232.0,3.392
Amanda,Female,true,Legal,01/08/2001,2:00 AM,98361.0,15.929
Emily,Female,true,Engineering,10/28/2013,3:10 AM,128059.0,13.014
Amy,Female,false,Distribution,07/27/1999,2:25 AM,55667.0,4.1
Christopher,Male,false,Legal,02/25/2015,4:20 PM,83505.0,8.18
Ashley,Male,false,Client Services,07/14/2008,10:05 PM,81053.0,0.9
Sarah,Female,false,Distribution,09/01/2013,9:05 AM,94973.0,13.759
Thomas,Female,false,Human Resources,06/01/2021,3:50 PM,98283.0,8.986
Eric,Male,false,Human Resources,04/07/1995,4:20 PM,70447.0,6.087
Edward,Male,false,Product,05/08/2014,11:40 PM,49591.0,8.392
Sandra,Male,false,Sales,08/16/1999,5:15 PM,85011.0,4.221
Mark,Female,false,Business Development,05/05/2016,2:55 PM,59674.0,12.427
Paul,Female,false,Distribution,09/11/2011,2:00 AM,80924.0,9.926
Edward,Male,false,Human Resources,12/18/2016,2:25 AM,69758.0,3.199
Melissa,Female,false,Business Development,05/27/1995,3:25 PM,127428.0,7.574
Ashley,Female,false,Finance,08/27/1999,7:50 AM,94498.0,1.757
Eric,Male,false,Legal,07/15/2014,9:00 PM,111850.0,8.106
James,Female,true,Business Development,05/05/2022,6:00 AM,112407.0,11.741
Jason,Male,true,Product,10/23/2016,4:05 AM,110911.0,8.471
,Male,false,Marketing,02/06/2023,5:25 AM,110386.0,11.765
Donald,Male,false,Distribution,11/12/2002,12:00 AM,72244.0,6.787
William,Female,false,Sales,06/20/1996,12:25 PM,97286.0,6.423
Timothy,Male,false,Finance,12/01/2002,9:10 PM,98535.0,9.132
Christopher,Male,false,Distribution,01/12/1996,1:30 AM,66209.0,15.261
Ronald,Male,false,Product,11/07/2021,1:45 AM,82813.0,3.102
William,Male,false,Human Resources,08/30/2001,3:25 AM,98444.0,4.402
Nancy,Female,false,Engineering,10/27/2015,1:45 PM,68653.0,7.366
Brian,Female,false,Business Development,09/16/2013,6:35 AM,72294.0,11.16
Sarah,Female,false,Sales,05/28/1995,11:20 PM,72414.0,12.761
Gary,Male,false,Sales,06/18/2002,1:00 PM,102589.0,8.717
Sandra,Female,false,Product,10/23/2006,10:15 AM,114801.0,7.082
Barbara,Male,false,Finance,07/04/1995,8:05 PM,94057.0,11.152
Sandra,Male,false,Client Services,03/09/1998,5:30 AM,81428.0,12.337
Sandra,Male,false,Client Services,03/28/1998,4:55 AM,80769.0,13.121
Brian,Female,false,Product,11/23/2011,7:20 PM,85162.0,5.675
Ronald,Male,false,Distribution,08/12/2013,12:30 PM,103085.0,7.033
Eric,Female,false,Marketing,10/26/2013,1:10 PM,90932.0,
Joseph,Female,false,Marketing,03/12/2006,3:00 PM,67656.0,4.946
Daniel,Female,true,Human Resources,06/10/1995,1:15 AM,90136.0,9.305
Jeffrey,Female,false,Distribution,07/24/2009,12:15 PM,81261.0,5.312
Elizabeth,Female,false,Product,04/21/2007,10:15 AM,85468.0,1.096
